Model,Accuracy
Naive Bayes,0.5208890528451535
Logistic Regression,0.5783454763441852
Linear SVM,0.5678317808724522
